dataset,family,split,n,edges,graph_seed,path,bls_seed,cut,cut_ratio,runtime_sec,iterations,local_optima,improvements,A1,A2,B
IID_SBM,SBM,test_iid,1000,3429,3000000,dataset/splits/test_iid/SBM_n1000_s3000000.txt,1,2650.0,0.7728200641586468,60.00022088701371,1433282,105753,96,43833,43513,18406
IID_SBM,SBM,test_iid,1000,3429,3000000,dataset/splits/test_iid/SBM_n1000_s3000000.txt,2,2641.0,0.7701953922426363,60.00098961498588,1458594,105748,69,43562,43335,18850
IID_SBM,SBM,test_iid,1000,3429,3000000,dataset/splits/test_iid/SBM_n1000_s3000000.txt,3,2644.0,0.7710702828813065,60.00051959801931,1467822,105610,89,43619,43409,18581
IID_SBM,SBM,test_iid,1000,3429,3000000,dataset/splits/test_iid/SBM_n1000_s3000000.txt,4,2643.0,0.7707786526684165,60.00008462800179,1433105,105133,77,43305,43460,18367
IID_SBM,SBM,test_iid,1000,3429,3000000,dataset/splits/test_iid/SBM_n1000_s3000000.txt,5,2646.0,0.7716535433070866,60.00054751103744,1499663,104823,91,43091,43296,18435
IID_SBM,SBM,test_iid,1000,3465,3000001,dataset/splits/test_iid/SBM_n1000_s3000001.txt,1,2689.0,0.7760461760461761,60.00006204895908,1517725,104429,95,42928,43121,18379
IID_SBM,SBM,test_iid,1000,3465,3000001,dataset/splits/test_iid/SBM_n1000_s3000001.txt,2,2689.0,0.7760461760461761,60.00044274702668,1484359,104169,97,42742,43243,18183
IID_SBM,SBM,test_iid,1000,3465,3000001,dataset/splits/test_iid/SBM_n1000_s3000001.txt,3,2677.0,0.7725829725829726,60.00028192996979,1451980,104709,69,43158,42935,18615
IID_SBM,SBM,test_iid,1000,3465,3000001,dataset/splits/test_iid/SBM_n1000_s3000001.txt,4,2689.0,0.7760461760461761,60.00106620497536,1507609,104431,79,43002,42996,18432
IID_SBM,SBM,test_iid,1000,3465,3000001,dataset/splits/test_iid/SBM_n1000_s3000001.txt,5,2670.0,0.7705627705627706,60.00027747900458,1468903,104477,70,43234,42939,18303
IID_SBM,SBM,test_iid,1000,3290,3000002,dataset/splits/test_iid/SBM_n1000_s3000002.txt,1,2571.0,0.7814589665653495,60.00108736101538,1442445,104117,79,42488,43206,18422
IID_SBM,SBM,test_iid,1000,3290,3000002,dataset/splits/test_iid/SBM_n1000_s3000002.txt,2,2563.0,0.7790273556231003,60.00019859796157,1451015,104209,69,42733,42975,18500
IID_SBM,SBM,test_iid,1000,3290,3000002,dataset/splits/test_iid/SBM_n1000_s3000002.txt,3,2565.0,0.7796352583586627,60.00117646204308,1407270,104370,94,42849,43107,18413
IID_SBM,SBM,test_iid,1000,3290,3000002,dataset/splits/test_iid/SBM_n1000_s3000002.txt,4,2579.0,0.7838905775075988,60.00002798996866,1438557,104162,97,42742,43041,18378
IID_SBM,SBM,test_iid,1000,3290,3000002,dataset/splits/test_iid/SBM_n1000_s3000002.txt,5,2565.0,0.7796352583586627,60.000300140993204,1441599,103837,63,42512,42943,18381
IID_SBM,SBM,test_iid,1000,3396,3000003,dataset/splits/test_iid/SBM_n1000_s3000003.txt,1,2637.0,0.7765017667844523,60.00042054802179,1448819,104372,85,43063,43007,18301
IID_SBM,SBM,test_iid,1000,3396,3000003,dataset/splits/test_iid/SBM_n1000_s3000003.txt,2,2632.0,0.7750294464075382,60.000333223026246,1435267,104232,77,42771,43080,18380
IID_SBM,SBM,test_iid,1000,3396,3000003,dataset/splits/test_iid/SBM_n1000_s3000003.txt,3,2638.0,0.7767962308598351,60.00061216199538,1452656,104211,106,42785,43013,18412
IID_SBM,SBM,test_iid,1000,3396,3000003,dataset/splits/test_iid/SBM_n1000_s3000003.txt,4,2632.0,0.7750294464075382,60.000414445006754,1437621,104519,102,42981,42945,18592
IID_SBM,SBM,test_iid,1000,3396,3000003,dataset/splits/test_iid/SBM_n1000_s3000003.txt,5,2632.0,0.7750294464075382,60.000620545004494,1450773,105308,71,43484,43208,18615
IID_SBM,SBM,test_iid,1000,3346,3000004,dataset/splits/test_iid/SBM_n1000_s3000004.txt,1,2596.0,0.775851763299462,60.000148885999806,1548955,103331,58,42355,42730,18245
IID_SBM,SBM,test_iid,1000,3346,3000004,dataset/splits/test_iid/SBM_n1000_s3000004.txt,2,2596.0,0.775851763299462,60.000062921026256,1467421,103957,92,42936,42848,18172
IID_SBM,SBM,test_iid,1000,3346,3000004,dataset/splits/test_iid/SBM_n1000_s3000004.txt,3,2597.0,0.7761506276150628,60.0011734199943,1470074,104109,78,42786,42861,18461
IID_SBM,SBM,test_iid,1000,3346,3000004,dataset/splits/test_iid/SBM_n1000_s3000004.txt,4,2597.0,0.7761506276150628,60.00139833102003,1469216,103381,67,42640,42379,18361
IID_SBM,SBM,test_iid,1000,3346,3000004,dataset/splits/test_iid/SBM_n1000_s3000004.txt,5,2598.0,0.7764494919306635,60.000051767972764,1465723,103378,73,41985,42798,18594
IID_SBM,SBM,test_iid,1000,3368,3000005,dataset/splits/test_iid/SBM_n1000_s3000005.txt,1,2624.0,0.7790973871733967,60.001050606020726,1470103,104370,93,42767,43144,18458
IID_SBM,SBM,test_iid,1000,3368,3000005,dataset/splits/test_iid/SBM_n1000_s3000005.txt,2,2621.0,0.7782066508313539,60.00053788203513,1437895,104934,95,43373,43149,18411
IID_SBM,SBM,test_iid,1000,3368,3000005,dataset/splits/test_iid/SBM_n1000_s3000005.txt,3,2610.0,0.7749406175771971,60.000578535022214,1510924,104389,79,42781,43007,18600
IID_SBM,SBM,test_iid,1000,3368,3000005,dataset/splits/test_iid/SBM_n1000_s3000005.txt,4,2619.0,0.7776128266033254,60.000704247970134,1475437,105565,88,43563,43155,18846
IID_SBM,SBM,test_iid,1000,3368,3000005,dataset/splits/test_iid/SBM_n1000_s3000005.txt,5,2624.0,0.7790973871733967,60.00016839703312,1520521,105241,70,43379,43069,18792
IID_SBM,SBM,test_iid,1000,3446,3000006,dataset/splits/test_iid/SBM_n1000_s3000006.txt,1,2668.0,0.7742309924550204,60.00010447396198,1528313,104465,75,43352,42657,18455
IID_SBM,SBM,test_iid,1000,3446,3000006,dataset/splits/test_iid/SBM_n1000_s3000006.txt,2,2661.0,0.7721996517701684,60.0007180889952,1464170,104669,82,43276,42979,18413
IID_SBM,SBM,test_iid,1000,3446,3000006,dataset/splits/test_iid/SBM_n1000_s3000006.txt,3,2661.0,0.7721996517701684,60.00027053500526,1449942,104888,83,43629,42972,18286
IID_SBM,SBM,test_iid,1000,3446,3000006,dataset/splits/test_iid/SBM_n1000_s3000006.txt,4,2653.0,0.7698781195589088,60.000555524020456,1504028,104457,79,43151,42822,18483
IID_SBM,SBM,test_iid,1000,3446,3000006,dataset/splits/test_iid/SBM_n1000_s3000006.txt,5,2659.0,0.7716192687173534,60.00063726201188,1465806,103504,87,42547,43008,17948
IID_SBM,SBM,test_iid,1000,3425,3000007,dataset/splits/test_iid/SBM_n1000_s3000007.txt,1,2643.0,0.7716788321167883,60.00050441204803,1449890,102658,93,42023,42518,18116
IID_SBM,SBM,test_iid,1000,3425,3000007,dataset/splits/test_iid/SBM_n1000_s3000007.txt,2,2648.0,0.7731386861313868,60.00014027301222,1428692,103029,82,42097,42689,18242
IID_SBM,SBM,test_iid,1000,3425,3000007,dataset/splits/test_iid/SBM_n1000_s3000007.txt,3,2645.0,0.7722627737226277,60.000584480003454,1426580,102836,89,42302,42388,18145
IID_SBM,SBM,test_iid,1000,3425,3000007,dataset/splits/test_iid/SBM_n1000_s3000007.txt,4,2650.0,0.7737226277372263,60.000758982030675,1522819,103438,77,42581,42394,18462
IID_SBM,SBM,test_iid,1000,3425,3000007,dataset/splits/test_iid/SBM_n1000_s3000007.txt,5,2649.0,0.7734306569343066,60.000475840002764,1435888,104213,86,43110,42599,18503
IID_SBM,SBM,test_iid,1000,3394,3000008,dataset/splits/test_iid/SBM_n1000_s3000008.txt,1,2618.0,0.7713612256923984,60.00031581695657,1427507,104147,77,42755,42872,18519
IID_SBM,SBM,test_iid,1000,3394,3000008,dataset/splits/test_iid/SBM_n1000_s3000008.txt,2,2622.0,0.7725397760754272,60.001159098988865,1402326,104750,65,43388,42914,18447
IID_SBM,SBM,test_iid,1000,3394,3000008,dataset/splits/test_iid/SBM_n1000_s3000008.txt,3,2627.0,0.7740129640542133,60.00102768302895,1448687,103695,80,42535,42827,18332
IID_SBM,SBM,test_iid,1000,3394,3000008,dataset/splits/test_iid/SBM_n1000_s3000008.txt,4,2620.0,0.7719505008839128,60.000547481991816,1452071,103503,80,42596,42718,18188
IID_SBM,SBM,test_iid,1000,3394,3000008,dataset/splits/test_iid/SBM_n1000_s3000008.txt,5,2630.0,0.774896876841485,60.00028401199961,1474001,103374,85,42627,42817,17929
IID_SBM,SBM,test_iid,1000,3379,3000009,dataset/splits/test_iid/SBM_n1000_s3000009.txt,1,2612.0,0.7730097662030186,60.00000372098293,1438384,103737,75,42590,42809,18337
IID_SBM,SBM,test_iid,1000,3379,3000009,dataset/splits/test_iid/SBM_n1000_s3000009.txt,2,2616.0,0.7741935483870968,60.00045362702804,1420179,103507,70,42492,42737,18277
IID_SBM,SBM,test_iid,1000,3379,3000009,dataset/splits/test_iid/SBM_n1000_s3000009.txt,3,2619.0,0.7750813850251553,60.00064596498851,1434259,104401,86,43012,42914,18474
IID_SBM,SBM,test_iid,1000,3379,3000009,dataset/splits/test_iid/SBM_n1000_s3000009.txt,4,2607.0,0.771530038472921,60.00058953999542,1459566,103434,78,42562,42569,18302
IID_SBM,SBM,test_iid,1000,3379,3000009,dataset/splits/test_iid/SBM_n1000_s3000009.txt,5,2613.0,0.7733057117490382,60.00039743602974,1433610,104382,73,42968,42749,18664
SIZE_500,SBM,test_size,500,1570,4000000,dataset/splits/test_size/SBM_n500_s4000000.txt,1,1220.0,0.7770700636942676,60.00032232096419,2596222,363748,45,149335,149647,64765
SIZE_500,SBM,test_size,500,1570,4000000,dataset/splits/test_size/SBM_n500_s4000000.txt,2,1223.0,0.7789808917197453,60.00030582700856,2673633,363006,47,148983,149078,64944
SIZE_500,SBM,test_size,500,1570,4000000,dataset/splits/test_size/SBM_n500_s4000000.txt,3,1223.0,0.7789808917197453,60.000311692012474,2659547,363813,39,149392,149358,65062
SIZE_500,SBM,test_size,500,1570,4000000,dataset/splits/test_size/SBM_n500_s4000000.txt,4,1223.0,0.7789808917197453,60.00010178500088,2628070,363695,46,149389,149375,64930
SIZE_500,SBM,test_size,500,1570,4000000,dataset/splits/test_size/SBM_n500_s4000000.txt,5,1223.0,0.7789808917197453,60.00029976799851,2597969,363664,44,148701,149673,65289
SIZE_500,SBM,test_size,500,1673,4000001,dataset/splits/test_size/SBM_n500_s4000001.txt,1,1292.0,0.7722653915122535,60.00031294400105,2759705,363676,53,149559,148994,65122
SIZE_500,SBM,test_size,500,1673,4000001,dataset/splits/test_size/SBM_n500_s4000001.txt,2,1286.0,0.7686790197250448,60.00024925702019,2564755,365956,30,150074,150603,65278
SIZE_500,SBM,test_size,500,1673,4000001,dataset/splits/test_size/SBM_n500_s4000001.txt,3,1290.0,0.7710699342498506,60.00000351900235,2868051,362275,57,148692,148943,64639
SIZE_500,SBM,test_size,500,1673,4000001,dataset/splits/test_size/SBM_n500_s4000001.txt,4,1290.0,0.7710699342498506,60.000178209040314,2874026,361799,56,148630,148524,64644
SIZE_500,SBM,test_size,500,1673,4000001,dataset/splits/test_size/SBM_n500_s4000001.txt,5,1290.0,0.7710699342498506,60.00002760399366,2831012,363609,60,149163,149274,65171
SIZE_500,SBM,test_size,500,1637,4000002,dataset/splits/test_size/SBM_n500_s4000002.txt,1,1269.0,0.775198533903482,60.00006781402044,2635722,371039,50,152342,152192,66504
SIZE_500,SBM,test_size,500,1637,4000002,dataset/splits/test_size/SBM_n500_s4000002.txt,2,1268.0,0.7745876603543067,60.00002595904516,2772849,367203,36,150538,150531,66133
SIZE_500,SBM,test_size,500,1637,4000002,dataset/splits/test_size/SBM_n500_s4000002.txt,3,1263.0,0.7715332926084301,60.000078484998085,2722251,363251,46,148899,149047,65304
SIZE_500,SBM,test_size,500,1637,4000002,dataset/splits/test_size/SBM_n500_s4000002.txt,4,1268.0,0.7745876603543067,60.00027024000883,2759153,364832,49,150257,149454,65120
SIZE_500,SBM,test_size,500,1637,4000002,dataset/splits/test_size/SBM_n500_s4000002.txt,5,1266.0,0.773365913255956,60.00002494099317,2723835,364021,55,149607,149482,64931
SIZE_500,SBM,test_size,500,1673,4000003,dataset/splits/test_size/SBM_n500_s4000003.txt,1,1293.0,0.7728631201434548,60.00023342395434,2627377,366343,48,149953,150979,65410
SIZE_500,SBM,test_size,500,1673,4000003,dataset/splits/test_size/SBM_n500_s4000003.txt,2,1291.0,0.771667662881052,60.000022270018235,2573642,370760,41,152392,151644,66723
SIZE_500,SBM,test_size,500,1673,4000003,dataset/splits/test_size/SBM_n500_s4000003.txt,3,1292.0,0.7722653915122535,60.00019366899505,2644633,369337,46,151833,151690,65813
SIZE_500,SBM,test_size,500,1673,4000003,dataset/splits/test_size/SBM_n500_s4000003.txt,4,1293.0,0.7728631201434548,60.00029404001543,2857697,367950,43,151299,150518,66132
SIZE_500,SBM,test_size,500,1673,4000003,dataset/splits/test_size/SBM_n500_s4000003.txt,5,1288.0,0.7698744769874477,60.00011164502939,2546855,373343,52,153089,153432,66821
SIZE_500,SBM,test_size,500,1649,4000004,dataset/splits/test_size/SBM_n500_s4000004.txt,1,1274.0,0.7725894481503942,60.000177462992724,2533004,369645,42,151390,151995,66259
SIZE_500,SBM,test_size,500,1649,4000004,dataset/splits/test_size/SBM_n500_s4000004.txt,2,1278.0,0.7750151607034567,60.00026796897873,2710720,366609,47,150315,150765,65528
SIZE_500,SBM,test_size,500,1649,4000004,dataset/splits/test_size/SBM_n500_s4000004.txt,3,1278.0,0.7750151607034567,60.00011068402091,2722424,367240,36,151002,150477,65760
SIZE_500,SBM,test_size,500,1649,4000004,dataset/splits/test_size/SBM_n500_s4000004.txt,4,1271.0,0.7707701637355974,60.00003505498171,2554436,371022,40,152761,152266,65994
SIZE_500,SBM,test_size,500,1649,4000004,dataset/splits/test_size/SBM_n500_s4000004.txt,5,1274.0,0.7725894481503942,60.00010594195919,2534122,370408,44,152120,151708,66579
SIZE_500,SBM,test_size,500,1698,4000005,dataset/splits/test_size/SBM_n500_s4000005.txt,1,1297.0,0.7638398115429917,60.00011118297698,2568217,368228,47,150911,151746,65570
SIZE_500,SBM,test_size,500,1698,4000005,dataset/splits/test_size/SBM_n500_s4000005.txt,2,1309.0,0.7709069493521791,60.00012138602324,2572962,370043,40,151799,151935,66308
SIZE_500,SBM,test_size,500,1698,4000005,dataset/splits/test_size/SBM_n500_s4000005.txt,3,1306.0,0.7691401648998822,60.00016869005049,2518510,369387,61,151129,151832,66425
SIZE_500,SBM,test_size,500,1698,4000005,dataset/splits/test_size/SBM_n500_s4000005.txt,4,1309.0,0.7709069493521791,60.000023676024284,2565562,369997,45,152546,151142,66308
SIZE_500,SBM,test_size,500,1698,4000005,dataset/splits/test_size/SBM_n500_s4000005.txt,5,1299.0,0.765017667844523,60.00018341100076,2477505,367847,44,151078,151330,65438
SIZE_500,SBM,test_size,500,1662,4000006,dataset/splits/test_size/SBM_n500_s4000006.txt,1,1282.0,0.7713598074608905,60.00029622000875,2588599,367608,38,150745,151242,65620
SIZE_500,SBM,test_size,500,1662,4000006,dataset/splits/test_size/SBM_n500_s4000006.txt,2,1284.0,0.7725631768953068,60.00017349695554,2901443,362303,30,148625,148631,65046
SIZE_500,SBM,test_size,500,1662,4000006,dataset/splits/test_size/SBM_n500_s4000006.txt,3,1285.0,0.7731648616125151,60.00021791103063,2702319,370470,62,152161,152124,66184
SIZE_500,SBM,test_size,500,1662,4000006,dataset/splits/test_size/SBM_n500_s4000006.txt,4,1283.0,0.7719614921780987,60.00001038896153,2813983,363776,32,149560,149311,64904
SIZE_500,SBM,test_size,500,1662,4000006,dataset/splits/test_size/SBM_n500_s4000006.txt,5,1281.0,0.7707581227436823,60.000013140030205,2613685,368301,45,151242,151296,65762
SIZE_500,SBM,test_size,500,1701,4000007,dataset/splits/test_size/SBM_n500_s4000007.txt,1,1311.0,0.7707231040564374,60.00008679297753,2636227,370550,50,151778,152332,66439
SIZE_500,SBM,test_size,500,1701,4000007,dataset/splits/test_size/SBM_n500_s4000007.txt,2,1313.0,0.7718988830099941,60.0000818130211,2537588,370354,50,152185,151755,66413
SIZE_500,SBM,test_size,500,1701,4000007,dataset/splits/test_size/SBM_n500_s4000007.txt,3,1313.0,0.7718988830099941,60.000046682020184,2481136,369203,40,151557,151852,65793
SIZE_500,SBM,test_size,500,1701,4000007,dataset/splits/test_size/SBM_n500_s4000007.txt,4,1313.0,0.7718988830099941,60.000257099978626,2608995,369632,44,152673,151158,65800
SIZE_500,SBM,test_size,500,1701,4000007,dataset/splits/test_size/SBM_n500_s4000007.txt,5,1311.0,0.7707231040564374,60.00002152402885,2667472,372285,45,153099,152478,66707
SIZE_500,SBM,test_size,500,1623,4000008,dataset/splits/test_size/SBM_n500_s4000008.txt,1,1259.0,0.7757239679605669,60.00001867598621,2721178,363228,48,149147,149646,64434
SIZE_500,SBM,test_size,500,1623,4000008,dataset/splits/test_size/SBM_n500_s4000008.txt,2,1263.0,0.7781885397412199,60.0001222389983,2597439,366914,56,150592,150620,65701
SIZE_500,SBM,test_size,500,1623,4000008,dataset/splits/test_size/SBM_n500_s4000008.txt,3,1263.0,0.7781885397412199,60.000143823970575,2574203,369794,58,151802,151963,66028
SIZE_500,SBM,test_size,500,1623,4000008,dataset/splits/test_size/SBM_n500_s4000008.txt,4,1263.0,0.7781885397412199,60.00011214497499,2580113,369652,50,151873,151711,66067
SIZE_500,SBM,test_size,500,1623,4000008,dataset/splits/test_size/SBM_n500_s4000008.txt,5,1263.0,0.7781885397412199,60.000021733983885,2602978,367977,46,150830,151522,65624
SIZE_500,SBM,test_size,500,1701,4000009,dataset/splits/test_size/SBM_n500_s4000009.txt,1,1308.0,0.7689594356261023,60.00013920199126,2662146,363689,51,149771,149008,64909
SIZE_500,SBM,test_size,500,1701,4000009,dataset/splits/test_size/SBM_n500_s4000009.txt,2,1310.0,0.770135214579659,60.000023461994715,2761323,361481,39,148345,148150,64985
SIZE_500,SBM,test_size,500,1701,4000009,dataset/splits/test_size/SBM_n500_s4000009.txt,3,1311.0,0.7707231040564374,60.00027451303322,2701344,361213,49,148259,148739,64214
SIZE_500,SBM,test_size,500,1701,4000009,dataset/splits/test_size/SBM_n500_s4000009.txt,4,1309.0,0.7695473251028807,60.00020905799465,2764372,360920,45,147993,148389,64537
SIZE_500,SBM,test_size,500,1701,4000009,dataset/splits/test_size/SBM_n500_s4000009.txt,5,1311.0,0.7707231040564374,60.000147697050124,2722091,363033,47,148950,148842,65240
SIZE_2000,SBM,test_size,2000,6903,5000000,dataset/splits/test_size/SBM_n2000_s5000000.txt,1,5331.0,0.7722729248152977,60.001464275002945,748745,27814,137,11554,11774,4485
SIZE_2000,SBM,test_size,2000,6903,5000000,dataset/splits/test_size/SBM_n2000_s5000000.txt,2,5326.0,0.7715486020570766,60.00019097299082,733393,27880,124,11698,11724,4457
SIZE_2000,SBM,test_size,2000,6903,5000000,dataset/splits/test_size/SBM_n2000_s5000000.txt,3,5332.0,0.7724177893669419,60.00215749698691,774048,28085,156,11714,11728,4642
SIZE_2000,SBM,test_size,2000,6903,5000000,dataset/splits/test_size/SBM_n2000_s5000000.txt,4,5318.0,0.770389685643923,60.00183239101898,747891,27863,106,11647,11718,4497
SIZE_2000,SBM,test_size,2000,6903,5000000,dataset/splits/test_size/SBM_n2000_s5000000.txt,5,5327.0,0.7716934666087208,60.00050616398221,732963,27686,128,11488,11775,4422
SIZE_2000,SBM,test_size,2000,6805,5000001,dataset/splits/test_size/SBM_n2000_s5000001.txt,1,5270.0,0.7744305657604702,60.00253844802501,776911,27841,143,11473,11695,4672
SIZE_2000,SBM,test_size,2000,6805,5000001,dataset/splits/test_size/SBM_n2000_s5000001.txt,2,5272.0,0.7747244673034533,60.00172865198692,765565,28241,122,11890,11697,4653
SIZE_2000,SBM,test_size,2000,6805,5000001,dataset/splits/test_size/SBM_n2000_s5000001.txt,3,5263.0,0.7734019103600294,60.00291651295265,773962,28095,102,11661,11672,4761
SIZE_2000,SBM,test_size,2000,6805,5000001,dataset/splits/test_size/SBM_n2000_s5000001.txt,4,5276.0,0.7753122703894195,60.00316500099143,779713,27970,120,11621,11658,4690
SIZE_2000,SBM,test_size,2000,6805,5000001,dataset/splits/test_size/SBM_n2000_s5000001.txt,5,5289.0,0.7772226304188097,60.00014914601343,760262,27889,132,11767,11687,4434
SIZE_2000,SBM,test_size,2000,6836,5000002,dataset/splits/test_size/SBM_n2000_s5000002.txt,1,5284.0,0.7729666471620831,60.00424556003418,742510,28189,106,11808,11745,4635
SIZE_2000,SBM,test_size,2000,6836,5000002,dataset/splits/test_size/SBM_n2000_s5000002.txt,2,5282.0,0.772674078408426,60.002986202947795,739924,28037,126,11758,11728,4550
SIZE_2000,SBM,test_size,2000,6836,5000002,dataset/splits/test_size/SBM_n2000_s5000002.txt,3,5287.0,0.7734055002925687,60.00104080198798,751894,28239,110,11780,11764,4694
SIZE_2000,SBM,test_size,2000,6836,5000002,dataset/splits/test_size/SBM_n2000_s5000002.txt,4,5275.0,0.771650087770626,60.00467156997183,746504,28326,100,11990,11712,4623
SIZE_2000,SBM,test_size,2000,6836,5000002,dataset/splits/test_size/SBM_n2000_s5000002.txt,5,5283.0,0.7728203627852546,60.003719932050444,740955,27985,128,11821,11718,4445
SIZE_2000,SBM,test_size,2000,6596,5000003,dataset/splits/test_size/SBM_n2000_s5000003.txt,1,5122.0,0.7765312310491207,60.0039599550073,746883,28038,126,11593,11822,4622
SIZE_2000,SBM,test_size,2000,6596,5000003,dataset/splits/test_size/SBM_n2000_s5000003.txt,2,5136.0,0.7786537295330503,60.00006705400301,753166,28010,123,11767,11793,4449
SIZE_2000,SBM,test_size,2000,6596,5000003,dataset/splits/test_size/SBM_n2000_s5000003.txt,3,5145.0,0.780018192844148,60.00293590500951,746005,28376,130,11996,11795,4584
SIZE_2000,SBM,test_size,2000,6596,5000003,dataset/splits/test_size/SBM_n2000_s5000003.txt,4,5151.0,0.7809278350515464,60.00299176300177,742299,28107,142,11927,11832,4347
SIZE_2000,SBM,test_size,2000,6596,5000003,dataset/splits/test_size/SBM_n2000_s5000003.txt,5,5129.0,0.7775924802910855,60.002256489009596,762826,28102,122,11843,11814,4444
SIZE_2000,SBM,test_size,2000,6694,5000004,dataset/splits/test_size/SBM_n2000_s5000004.txt,1,5197.0,0.7763668957275172,60.000837721978314,759245,28386,126,11830,11843,4712
SIZE_2000,SBM,test_size,2000,6694,5000004,dataset/splits/test_size/SBM_n2000_s5000004.txt,2,5182.0,0.7741260830594562,60.00327457097592,742521,28442,98,11811,11857,4773
SIZE_2000,SBM,test_size,2000,6694,5000004,dataset/splits/test_size/SBM_n2000_s5000004.txt,3,5192.0,0.7756199581714969,60.00318377203075,758208,28177,154,11899,11848,4429
SIZE_2000,SBM,test_size,2000,6694,5000004,dataset/splits/test_size/SBM_n2000_s5000004.txt,4,5184.0,0.7744248580818643,60.00001377903391,749870,28344,120,11810,11828,4705
SIZE_2000,SBM,test_size,2000,6694,5000004,dataset/splits/test_size/SBM_n2000_s5000004.txt,5,5208.0,0.7780101583507619,60.00134200998582,750366,28125,138,12017,11824,4283
SIZE_2000,SBM,test_size,2000,6933,5000005,dataset/splits/test_size/SBM_n2000_s5000005.txt,1,5357.0,0.7726813789124477,60.00326998496894,759112,28084,118,11717,11655,4711
SIZE_2000,SBM,test_size,2000,6933,5000005,dataset/splits/test_size/SBM_n2000_s5000005.txt,2,5371.0,0.7747007067647483,60.004498983034864,757820,27804,128,11557,11680,4566
SIZE_2000,SBM,test_size,2000,6933,5000005,dataset/splits/test_size/SBM_n2000_s5000005.txt,3,5370.0,0.7745564690610125,60.00421654601814,767333,28109,138,11812,11670,4626
SIZE_2000,SBM,test_size,2000,6933,5000005,dataset/splits/test_size/SBM_n2000_s5000005.txt,4,5326.0,0.7682100100966393,60.00414566596737,760391,28355,126,11999,11643,4712
SIZE_2000,SBM,test_size,2000,6933,5000005,dataset/splits/test_size/SBM_n2000_s5000005.txt,5,5359.0,0.7729698543199193,60.00176846701652,774784,27963,123,11635,11666,4661
SIZE_2000,SBM,test_size,2000,6735,5000006,dataset/splits/test_size/SBM_n2000_s5000006.txt,1,5219.0,0.7749072011878247,60.00447697803611,741230,27830,133,11691,11699,4439
SIZE_2000,SBM,test_size,2000,6735,5000006,dataset/splits/test_size/SBM_n2000_s5000006.txt,2,5237.0,0.7775798069784706,60.0042443080456,737728,27693,143,11573,11724,4395
SIZE_2000,SBM,test_size,2000,6735,5000006,dataset/splits/test_size/SBM_n2000_s5000006.txt,3,5216.0,0.7744617668893838,60.00003843399463,736826,27753,148,11745,11709,4298
SIZE_2000,SBM,test_size,2000,6735,5000006,dataset/splits/test_size/SBM_n2000_s5000006.txt,4,5233.0,0.7769858945805493,60.00143794796895,757041,28008,147,12012,11701,4294
SIZE_2000,SBM,test_size,2000,6735,5000006,dataset/splits/test_size/SBM_n2000_s5000006.txt,5,5207.0,0.7731254639940609,60.00431412400212,753688,27962,98,11577,11694,4690
SIZE_2000,SBM,test_size,2000,6979,5000007,dataset/splits/test_size/SBM_n2000_s5000007.txt,1,5383.0,0.7713139418254764,60.000283884000964,756445,27812,138,11646,11663,4502
SIZE_2000,SBM,test_size,2000,6979,5000007,dataset/splits/test_size/SBM_n2000_s5000007.txt,2,5394.0,0.7728900988680326,60.00203326402698,766241,27793,131,11675,11659,4458
SIZE_2000,SBM,test_size,2000,6979,5000007,dataset/splits/test_size/SBM_n2000_s5000007.txt,3,5384.0,0.7714572288293452,60.00478225102415,759888,27968,124,11697,11663,4607
SIZE_2000,SBM,test_size,2000,6979,5000007,dataset/splits/test_size/SBM_n2000_s5000007.txt,4,5394.0,0.7728900988680326,60.003192993986886,741047,27938,141,11864,11680,4393
SIZE_2000,SBM,test_size,2000,6979,5000007,dataset/splits/test_size/SBM_n2000_s5000007.txt,5,5387.0,0.7718870898409514,60.00003151601413,743033,27792,136,11713,11678,4400
SIZE_2000,SBM,test_size,2000,6751,5000008,dataset/splits/test_size/SBM_n2000_s5000008.txt,1,5248.0,0.7773663161013183,60.00277783902129,742181,27440,133,11358,11696,4385
SIZE_2000,SBM,test_size,2000,6751,5000008,dataset/splits/test_size/SBM_n2000_s5000008.txt,2,5249.0,0.7775144423048437,60.004452768014744,756221,27925,158,11908,11663,4353
SIZE_2000,SBM,test_size,2000,6751,5000008,dataset/splits/test_size/SBM_n2000_s5000008.txt,3,5243.0,0.7766256850836913,60.00200647499878,748203,27627,139,11697,11638,4291
SIZE_2000,SBM,test_size,2000,6751,5000008,dataset/splits/test_size/SBM_n2000_s5000008.txt,4,5251.0,0.7778106947118946,60.00232672400307,745051,27842,127,11600,11664,4577
SIZE_2000,SBM,test_size,2000,6751,5000008,dataset/splits/test_size/SBM_n2000_s5000008.txt,5,5262.0,0.779440082950674,60.000056949967984,766998,27978,122,11797,11653,4527
SIZE_2000,SBM,test_size,2000,6853,5000009,dataset/splits/test_size/SBM_n2000_s5000009.txt,1,5296.0,0.7728002334743908,60.001865783007815,762085,28543,110,12059,11817,4666
SIZE_2000,SBM,test_size,2000,6853,5000009,dataset/splits/test_size/SBM_n2000_s5000009.txt,2,5285.0,0.7711950970377937,60.00424664095044,762761,28041,131,11659,11821,4560
SIZE_2000,SBM,test_size,2000,6853,5000009,dataset/splits/test_size/SBM_n2000_s5000009.txt,3,5304.0,0.7739676054282796,60.00007373502012,767920,28371,146,12095,11811,4464
SIZE_2000,SBM,test_size,2000,6853,5000009,dataset/splits/test_size/SBM_n2000_s5000009.txt,4,5312.0,0.7751349773821684,60.00162937399,759930,28337,130,11858,11819,4659
SIZE_2000,SBM,test_size,2000,6853,5000009,dataset/splits/test_size/SBM_n2000_s5000009.txt,5,5294.0,0.7725083904859186,60.00212996697519,793412,28274,126,11889,11785,4599
SIZE_5000,SBM,test_size,5000,17160,7000000,dataset/splits/test_size/SBM_n5000_s7000000.txt,1,13246.0,0.7719114219114219,60.01766366901575,274061,4280,185,1956,1977,346
SIZE_5000,SBM,test_size,5000,17160,7000000,dataset/splits/test_size/SBM_n5000_s7000000.txt,2,13258.0,0.7726107226107226,60.02344701398397,262768,4217,208,2029,1970,217
SIZE_5000,SBM,test_size,5000,17160,7000000,dataset/splits/test_size/SBM_n5000_s7000000.txt,3,13216.0,0.7701631701631702,60.01193674100796,270064,4256,179,1947,1975,333
SIZE_5000,SBM,test_size,5000,17160,7000000,dataset/splits/test_size/SBM_n5000_s7000000.txt,4,13225.0,0.7706876456876457,60.002870318014175,270758,4209,167,1938,1976,294
SIZE_5000,SBM,test_size,5000,17160,7000000,dataset/splits/test_size/SBM_n5000_s7000000.txt,5,13257.0,0.7725524475524476,60.009628810046706,278266,4318,189,1959,1977,381
SIZE_5000,SBM,test_size,5000,17020,7000001,dataset/splits/test_size/SBM_n5000_s7000001.txt,1,13133.0,0.7716216216216216,60.0005499489489,250802,4051,197,1891,1985,174
SIZE_5000,SBM,test_size,5000,17020,7000001,dataset/splits/test_size/SBM_n5000_s7000001.txt,2,13168.0,0.7736780258519389,60.02416057797382,260621,4090,205,1889,1983,217
SIZE_5000,SBM,test_size,5000,17020,7000001,dataset/splits/test_size/SBM_n5000_s7000001.txt,3,13143.0,0.7722091656874266,60.01067543402314,271723,4219,160,1907,1981,330
SIZE_5000,SBM,test_size,5000,17020,7000001,dataset/splits/test_size/SBM_n5000_s7000001.txt,4,13114.0,0.7705052878965922,60.00166770297801,263004,4200,181,1922,1977,300
SIZE_5000,SBM,test_size,5000,17020,7000001,dataset/splits/test_size/SBM_n5000_s7000001.txt,5,13170.0,0.7737955346650999,60.02248448401224,266503,4232,217,1992,1978,261
SIZE_5000,SBM,test_size,5000,16802,7000002,dataset/splits/test_size/SBM_n5000_s7000002.txt,1,13009.0,0.7742530651112963,60.02284974302165,263786,4178,163,1934,1961,282
SIZE_5000,SBM,test_size,5000,16802,7000002,dataset/splits/test_size/SBM_n5000_s7000002.txt,2,12991.0,0.7731817640757053,60.015999532013666,253387,4110,175,1919,1964,226
SIZE_5000,SBM,test_size,5000,16802,7000002,dataset/splits/test_size/SBM_n5000_s7000002.txt,3,13013.0,0.7744911320080943,60.00985217699781,283637,4381,172,2027,1948,405
SIZE_5000,SBM,test_size,5000,16802,7000002,dataset/splits/test_size/SBM_n5000_s7000002.txt,4,13012.0,0.7744316152838948,60.02370164298918,283783,4349,203,2031,1948,369
SIZE_5000,SBM,test_size,5000,16802,7000002,dataset/splits/test_size/SBM_n5000_s7000002.txt,5,12954.0,0.7709796452803238,60.01898599602282,261968,4101,155,1895,1956,249
SIZE_5000,SBM,test_size,5000,16887,7000003,dataset/splits/test_size/SBM_n5000_s7000003.txt,1,13086.0,0.7749156155622668,60.004606602014974,272636,4334,182,2056,1945,332
SIZE_5000,SBM,test_size,5000,16887,7000003,dataset/splits/test_size/SBM_n5000_s7000003.txt,2,13102.0,0.7758630899508497,60.001044093980454,264069,4164,177,1928,1946,289
SIZE_5000,SBM,test_size,5000,16887,7000003,dataset/splits/test_size/SBM_n5000_s7000003.txt,3,13091.0,0.775211701308699,60.004461567034014,265658,4134,177,1911,1950,272
SIZE_5000,SBM,test_size,5000,16887,7000003,dataset/splits/test_size/SBM_n5000_s7000003.txt,4,13044.0,0.7724284952922367,60.02538948797155,270281,4258,192,2003,1946,308
SIZE_5000,SBM,test_size,5000,16887,7000003,dataset/splits/test_size/SBM_n5000_s7000003.txt,5,13037.0,0.7720139752472316,60.02611896698363,260791,4185,196,1959,1944,281
SIZE_5000,SBM,test_size,5000,17009,7000004,dataset/splits/test_size/SBM_n5000_s7000004.txt,1,13138.0,0.7724146040331589,60.02132396702655,273433,4197,172,1918,1952,326
SIZE_5000,SBM,test_size,5000,17009,7000004,dataset/splits/test_size/SBM_n5000_s7000004.txt,2,13096.0,0.7699453230642601,60.00091216195142,272830,4233,188,1991,1948,293
SIZE_5000,SBM,test_size,5000,17009,7000004,dataset/splits/test_size/SBM_n5000_s7000004.txt,3,13104.0,0.7704156622964313,60.02767831104575,265014,4108,164,1921,1953,233
SIZE_5000,SBM,test_size,5000,17009,7000004,dataset/splits/test_size/SBM_n5000_s7000004.txt,4,13143.0,0.7727085660532659,60.00346062798053,275550,4332,191,2073,1944,314
SIZE_5000,SBM,test_size,5000,17009,7000004,dataset/splits/test_size/SBM_n5000_s7000004.txt,5,13087.0,0.7694161914280675,60.02490082901204,266989,4187,166,1986,1948,252
OOD_RR,RR,test_family,1000,5000,6000000,dataset/splits/test_family/RR_n1000_s6000000.txt,1,3670.0,0.734,60.00051958498079,1319522,105419,77,43175,43370,18873
OOD_RR,RR,test_family,1000,5000,6000000,dataset/splits/test_family/RR_n1000_s6000000.txt,2,3670.0,0.734,60.000572649994865,1328573,105855,69,43531,43418,18905
OOD_RR,RR,test_family,1000,5000,6000000,dataset/splits/test_family/RR_n1000_s6000000.txt,3,3670.0,0.734,60.00118833099259,1320734,105847,70,43714,43419,18713
OOD_RR,RR,test_family,1000,5000,6000000,dataset/splits/test_family/RR_n1000_s6000000.txt,4,3670.0,0.734,60.000469036982395,1327597,105857,60,43701,43275,18880
OOD_RR,RR,test_family,1000,5000,6000000,dataset/splits/test_family/RR_n1000_s6000000.txt,5,3670.0,0.734,60.000813029997516,1313873,104804,74,43181,43066,18556
OOD_RR,RR,test_family,1000,5000,6000001,dataset/splits/test_family/RR_n1000_s6000001.txt,1,3672.0,0.7344,60.0003997439635,1324838,104856,86,43304,43057,18494
OOD_RR,RR,test_family,1000,5000,6000001,dataset/splits/test_family/RR_n1000_s6000001.txt,2,3676.0,0.7352,60.00005915900692,1303008,104813,68,42915,43280,18617
OOD_RR,RR,test_family,1000,5000,6000001,dataset/splits/test_family/RR_n1000_s6000001.txt,3,3670.0,0.734,60.00024747796124,1310054,104472,62,42792,43212,18467
OOD_RR,RR,test_family,1000,5000,6000001,dataset/splits/test_family/RR_n1000_s6000001.txt,4,3676.0,0.7352,60.0008448229637,1306061,105060,69,43019,43233,18807
OOD_RR,RR,test_family,1000,5000,6000001,dataset/splits/test_family/RR_n1000_s6000001.txt,5,3676.0,0.7352,60.000141366967,1298741,104538,72,42831,43244,18462
OOD_RR,RR,test_family,1000,5000,6000002,dataset/splits/test_family/RR_n1000_s6000002.txt,1,3666.0,0.7332,60.00092101900373,1312897,105368,67,43200,43153,19014
OOD_RR,RR,test_family,1000,5000,6000002,dataset/splits/test_family/RR_n1000_s6000002.txt,2,3676.0,0.7352,60.00060924800346,1325319,105446,76,43245,43121,19079
OOD_RR,RR,test_family,1000,5000,6000002,dataset/splits/test_family/RR_n1000_s6000002.txt,3,3676.0,0.7352,60.00049215403851,1321901,104827,61,42954,43154,18718
OOD_RR,RR,test_family,1000,5000,6000002,dataset/splits/test_family/RR_n1000_s6000002.txt,4,3676.0,0.7352,60.00080414902186,1314815,105458,47,43396,43194,18867
OOD_RR,RR,test_family,1000,5000,6000002,dataset/splits/test_family/RR_n1000_s6000002.txt,5,3676.0,0.7352,60.00102856598096,1314795,105148,62,43522,43185,18440
OOD_RR,RR,test_family,1000,5000,6000003,dataset/splits/test_family/RR_n1000_s6000003.txt,1,3680.0,0.736,60.00028530001873,1274324,102012,78,41993,41817,18201
OOD_RR,RR,test_family,1000,5000,6000003,dataset/splits/test_family/RR_n1000_s6000003.txt,2,3680.0,0.736,60.00021925603505,1266931,100869,75,40963,41780,18125
OOD_RR,RR,test_family,1000,5000,6000003,dataset/splits/test_family/RR_n1000_s6000003.txt,3,3680.0,0.736,60.00011785601964,1276411,101453,84,41828,41669,17955
OOD_RR,RR,test_family,1000,5000,6000003,dataset/splits/test_family/RR_n1000_s6000003.txt,4,3678.0,0.7356,60.00063696602592,1274302,101936,77,41819,41895,18221
OOD_RR,RR,test_family,1000,5000,6000003,dataset/splits/test_family/RR_n1000_s6000003.txt,5,3674.0,0.7348,60.00020126695745,1278739,102173,64,41903,41836,18433
OOD_RR,RR,test_family,1000,5000,6000004,dataset/splits/test_family/RR_n1000_s6000004.txt,1,3676.0,0.7352,60.000141758006066,1303058,104399,70,42767,43215,18416
OOD_RR,RR,test_family,1000,5000,6000004,dataset/splits/test_family/RR_n1000_s6000004.txt,2,3676.0,0.7352,60.00122587598162,1317565,105364,77,43361,43156,18846
OOD_RR,RR,test_family,1000,5000,6000004,dataset/splits/test_family/RR_n1000_s6000004.txt,3,3676.0,0.7352,60.00118958996609,1305354,104470,67,42739,43257,18473
OOD_RR,RR,test_family,1000,5000,6000004,dataset/splits/test_family/RR_n1000_s6000004.txt,4,3676.0,0.7352,60.00069579202682,1317353,105551,70,43501,43198,18851
OOD_RR,RR,test_family,1000,5000,6000004,dataset/splits/test_family/RR_n1000_s6000004.txt,5,3676.0,0.7352,60.000704994017724,1311746,105085,66,43197,43260,18627
OOD_RR,RR,test_family,1000,5000,6000005,dataset/splits/test_family/RR_n1000_s6000005.txt,1,3666.0,0.7332,60.00134729000274,1315774,104891,55,42902,43177,18811
OOD_RR,RR,test_family,1000,5000,6000005,dataset/splits/test_family/RR_n1000_s6000005.txt,2,3670.0,0.734,60.000016716949176,1321049,104786,62,42867,43242,18676
OOD_RR,RR,test_family,1000,5000,6000005,dataset/splits/test_family/RR_n1000_s6000005.txt,3,3670.0,0.734,60.001117560022976,1323591,105581,74,43623,43246,18711
OOD_RR,RR,test_family,1000,5000,6000005,dataset/splits/test_family/RR_n1000_s6000005.txt,4,3664.0,0.7328,60.00028138596099,1308185,104345,59,43027,42649,18668
OOD_RR,RR,test_family,1000,5000,6000005,dataset/splits/test_family/RR_n1000_s6000005.txt,5,3670.0,0.734,60.00075125100557,1306236,104594,68,43053,42806,18734
OOD_RR,RR,test_family,1000,5000,6000006,dataset/splits/test_family/RR_n1000_s6000006.txt,1,3672.0,0.7344,60.000034042983316,1312941,104922,55,43187,42977,18757
OOD_RR,RR,test_family,1000,5000,6000006,dataset/splits/test_family/RR_n1000_s6000006.txt,2,3670.0,0.734,60.00079472298967,1320259,104761,71,42851,43121,18788
OOD_RR,RR,test_family,1000,5000,6000006,dataset/splits/test_family/RR_n1000_s6000006.txt,3,3666.0,0.7332,60.00063288403908,1312915,105027,60,43458,43006,18562
OOD_RR,RR,test_family,1000,5000,6000006,dataset/splits/test_family/RR_n1000_s6000006.txt,4,3666.0,0.7332,60.00082850595936,1317420,104247,60,42787,42851,18608
OOD_RR,RR,test_family,1000,5000,6000006,dataset/splits/test_family/RR_n1000_s6000006.txt,5,3668.0,0.7336,60.00035507004941,1318949,104766,69,43176,42945,18644
OOD_RR,RR,test_family,1000,5000,6000007,dataset/splits/test_family/RR_n1000_s6000007.txt,1,3682.0,0.7364,60.000250033976045,1342550,103869,73,42492,42924,18452
OOD_RR,RR,test_family,1000,5000,6000007,dataset/splits/test_family/RR_n1000_s6000007.txt,2,3682.0,0.7364,60.00063396000769,1367112,104213,86,42880,42817,18515
OOD_RR,RR,test_family,1000,5000,6000007,dataset/splits/test_family/RR_n1000_s6000007.txt,3,3682.0,0.7364,60.00063499197131,1321863,104493,65,42895,43112,18485
OOD_RR,RR,test_family,1000,5000,6000007,dataset/splits/test_family/RR_n1000_s6000007.txt,4,3682.0,0.7364,60.00111764500616,1369932,104257,71,42922,42776,18558
OOD_RR,RR,test_family,1000,5000,6000007,dataset/splits/test_family/RR_n1000_s6000007.txt,5,3682.0,0.7364,60.00139093399048,1356268,103736,65,42558,42665,18512
OOD_RR,RR,test_family,1000,5000,6000008,dataset/splits/test_family/RR_n1000_s6000008.txt,1,3670.0,0.734,60.00070367200533,1313002,104665,83,43060,42931,18673
OOD_RR,RR,test_family,1000,5000,6000008,dataset/splits/test_family/RR_n1000_s6000008.txt,2,3678.0,0.7356,60.00104619702324,1323712,104324,71,42784,43003,18536
OOD_RR,RR,test_family,1000,5000,6000008,dataset/splits/test_family/RR_n1000_s6000008.txt,3,3678.0,0.7356,60.00027406902518,1326042,104349,79,42813,42882,18653
OOD_RR,RR,test_family,1000,5000,6000008,dataset/splits/test_family/RR_n1000_s6000008.txt,4,3678.0,0.7356,60.00013411900727,1331284,104720,60,43191,42949,18579
OOD_RR,RR,test_family,1000,5000,6000008,dataset/splits/test_family/RR_n1000_s6000008.txt,5,3678.0,0.7356,60.00092511397088,1335367,104362,70,42865,42834,18662
OOD_RR,RR,test_family,1000,5000,6000009,dataset/splits/test_family/RR_n1000_s6000009.txt,1,3674.0,0.7348,60.00084390700795,1304891,104547,46,42869,42997,18680
OOD_RR,RR,test_family,1000,5000,6000009,dataset/splits/test_family/RR_n1000_s6000009.txt,2,3670.0,0.734,60.00063633895479,1303427,103997,75,42641,42962,18393
OOD_RR,RR,test_family,1000,5000,6000009,dataset/splits/test_family/RR_n1000_s6000009.txt,3,3670.0,0.734,60.00074862502515,1311691,104116,61,42778,42873,18464
OOD_RR,RR,test_family,1000,5000,6000009,dataset/splits/test_family/RR_n1000_s6000009.txt,4,3674.0,0.7348,60.000899256032426,1311003,104580,72,42739,42956,18884
OOD_RR,RR,test_family,1000,5000,6000009,dataset/splits/test_family/RR_n1000_s6000009.txt,5,3672.0,0.7344,60.0009863320156,1310925,105217,60,43386,43119,18711
OOD_WS,WS,test_family,1000,5000,6000000,dataset/splits/test_family/WS_n1000_s6000000.txt,1,3347.0,0.6694,60.00038369302638,1331778,103698,71,42464,42764,18469
OOD_WS,WS,test_family,1000,5000,6000000,dataset/splits/test_family/WS_n1000_s6000000.txt,2,3348.0,0.6696,60.0000046499772,1338845,103702,80,42330,42898,18473
OOD_WS,WS,test_family,1000,5000,6000000,dataset/splits/test_family/WS_n1000_s6000000.txt,3,3358.0,0.6716,60.00047036900651,1346870,103592,88,42391,42816,18384
OOD_WS,WS,test_family,1000,5000,6000000,dataset/splits/test_family/WS_n1000_s6000000.txt,4,3359.0,0.6718,60.00049265095731,1357218,104080,77,42992,42586,18501
OOD_WS,WS,test_family,1000,5000,6000000,dataset/splits/test_family/WS_n1000_s6000000.txt,5,3358.0,0.6716,60.000434894056525,1357824,103171,87,42167,42858,18145
OOD_WS,WS,test_family,1000,5000,6000001,dataset/splits/test_family/WS_n1000_s6000001.txt,1,3353.0,0.6706,60.00115891400492,1358042,103716,99,42971,42821,17923
OOD_WS,WS,test_family,1000,5000,6000001,dataset/splits/test_family/WS_n1000_s6000001.txt,2,3352.0,0.6704,60.000901859020814,1342332,103717,79,42750,42796,18170
OOD_WS,WS,test_family,1000,5000,6000001,dataset/splits/test_family/WS_n1000_s6000001.txt,3,3349.0,0.6698,60.00022057001479,1372688,104278,82,43027,42796,18454
OOD_WS,WS,test_family,1000,5000,6000001,dataset/splits/test_family/WS_n1000_s6000001.txt,4,3355.0,0.671,60.000485764001496,1383324,104218,80,43026,42691,18500
OOD_WS,WS,test_family,1000,5000,6000001,dataset/splits/test_family/WS_n1000_s6000001.txt,5,3355.0,0.671,60.00008273799904,1372588,103688,66,42597,42812,18278
OOD_WS,WS,test_family,1000,5000,6000002,dataset/splits/test_family/WS_n1000_s6000002.txt,1,3337.0,0.6674,60.00076451397035,1385501,102667,69,42112,42352,18202
OOD_WS,WS,test_family,1000,5000,6000002,dataset/splits/test_family/WS_n1000_s6000002.txt,2,3334.0,0.6668,60.00004747201456,1375347,103457,67,42428,42653,18375
OOD_WS,WS,test_family,1000,5000,6000002,dataset/splits/test_family/WS_n1000_s6000002.txt,3,3342.0,0.6684,60.00010658201063,1383491,103345,85,42343,42741,18260
OOD_WS,WS,test_family,1000,5000,6000002,dataset/splits/test_family/WS_n1000_s6000002.txt,4,3342.0,0.6684,60.000617030018475,1394312,103581,76,42682,42492,18406
OOD_WS,WS,test_family,1000,5000,6000002,dataset/splits/test_family/WS_n1000_s6000002.txt,5,3336.0,0.6672,60.00059071899159,1386112,103979,62,42831,42570,18577
OOD_WS,WS,test_family,1000,5000,6000003,dataset/splits/test_family/WS_n1000_s6000003.txt,1,3356.0,0.6712,60.00006447202759,1351243,104560,76,43275,43008,18276
OOD_WS,WS,test_family,1000,5000,6000003,dataset/splits/test_family/WS_n1000_s6000003.txt,2,3360.0,0.672,60.00061586301308,1359992,104349,71,43134,42855,18359
OOD_WS,WS,test_family,1000,5000,6000003,dataset/splits/test_family/WS_n1000_s6000003.txt,3,3360.0,0.672,60.00067846797174,1362596,104216,83,42967,42943,18305
OOD_WS,WS,test_family,1000,5000,6000003,dataset/splits/test_family/WS_n1000_s6000003.txt,4,3362.0,0.6724,60.000445646001026,1378665,103404,74,42493,42818,18092
OOD_WS,WS,test_family,1000,5000,6000003,dataset/splits/test_family/WS_n1000_s6000003.txt,5,3359.0,0.6718,60.000199653964955,1348959,103575,79,42474,42757,18343
OOD_WS,WS,test_family,1000,5000,6000004,dataset/splits/test_family/WS_n1000_s6000004.txt,1,3351.0,0.6702,60.00003281800309,1371385,103966,104,42656,42998,18311
OOD_WS,WS,test_family,1000,5000,6000004,dataset/splits/test_family/WS_n1000_s6000004.txt,2,3349.0,0.6698,60.00039393501356,1348506,104378,82,42881,43032,18464
OOD_WS,WS,test_family,1000,5000,6000004,dataset/splits/test_family/WS_n1000_s6000004.txt,3,3342.0,0.6684,60.000929075991735,1369238,104369,71,42902,42895,18571
OOD_WS,WS,test_family,1000,5000,6000004,dataset/splits/test_family/WS_n1000_s6000004.txt,4,3350.0,0.67,60.000473789987154,1338657,104638,84,43241,43055,18341
OOD_WS,WS,test_family,1000,5000,6000004,dataset/splits/test_family/WS_n1000_s6000004.txt,5,3344.0,0.6688,60.00059989199508,1370838,104756,85,43181,43131,18443
OOD_WS,WS,test_family,1000,5000,6000005,dataset/splits/test_family/WS_n1000_s6000005.txt,1,3357.0,0.6714,60.001077934983186,1393682,103911,93,42873,42712,18325
OOD_WS,WS,test_family,1000,5000,6000005,dataset/splits/test_family/WS_n1000_s6000005.txt,2,3358.0,0.6716,60.00013635796495,1372526,103903,91,42753,42764,18385
OOD_WS,WS,test_family,1000,5000,6000005,dataset/splits/test_family/WS_n1000_s6000005.txt,3,3354.0,0.6708,60.00085125199985,1379119,103114,86,42286,42770,18057
OOD_WS,WS,test_family,1000,5000,6000005,dataset/splits/test_family/WS_n1000_s6000005.txt,4,3361.0,0.6722,60.000910442031454,1370984,104372,84,43271,42794,18306
OOD_WS,WS,test_family,1000,5000,6000005,dataset/splits/test_family/WS_n1000_s6000005.txt,5,3360.0,0.672,60.000590145995375,1380902,104095,55,42988,42772,18334
OOD_WS,WS,test_family,1000,5000,6000006,dataset/splits/test_family/WS_n1000_s6000006.txt,1,3353.0,0.6706,60.00092257501092,1387908,103683,84,42580,42862,18240
OOD_WS,WS,test_family,1000,5000,6000006,dataset/splits/test_family/WS_n1000_s6000006.txt,2,3363.0,0.6726,60.00044081202941,1366322,103824,75,42726,42824,18273
OOD_WS,WS,test_family,1000,5000,6000006,dataset/splits/test_family/WS_n1000_s6000006.txt,3,3354.0,0.6708,60.00117429200327,1379176,103933,82,43041,42600,18291
OOD_WS,WS,test_family,1000,5000,6000006,dataset/splits/test_family/WS_n1000_s6000006.txt,4,3358.0,0.6716,60.00085356697673,1405747,104196,89,43050,42792,18353
OOD_WS,WS,test_family,1000,5000,6000006,dataset/splits/test_family/WS_n1000_s6000006.txt,5,3359.0,0.6718,60.00120750098722,1368487,103557,85,42553,42716,18287
OOD_WS,WS,test_family,1000,5000,6000007,dataset/splits/test_family/WS_n1000_s6000007.txt,1,3355.0,0.671,60.00056555896299,1363119,103636,94,42609,42901,18125
OOD_WS,WS,test_family,1000,5000,6000007,dataset/splits/test_family/WS_n1000_s6000007.txt,2,3356.0,0.6712,60.000565575028304,1373422,104161,76,42522,43003,18635
OOD_WS,WS,test_family,1000,5000,6000007,dataset/splits/test_family/WS_n1000_s6000007.txt,3,3356.0,0.6712,60.00108327099588,1362290,104480,68,43113,42952,18414
OOD_WS,WS,test_family,1000,5000,6000007,dataset/splits/test_family/WS_n1000_s6000007.txt,4,3357.0,0.6714,60.0004323310568,1386903,104840,57,43166,42946,18727
OOD_WS,WS,test_family,1000,5000,6000007,dataset/splits/test_family/WS_n1000_s6000007.txt,5,3361.0,0.6722,60.00039746501716,1391862,103645,85,42714,42798,18132
OOD_WS,WS,test_family,1000,5000,6000008,dataset/splits/test_family/WS_n1000_s6000008.txt,1,3354.0,0.6708,60.000626002962235,1388969,104370,80,42924,43094,18351
OOD_WS,WS,test_family,1000,5000,6000008,dataset/splits/test_family/WS_n1000_s6000008.txt,2,3355.0,0.671,60.000455467030406,1379164,105033,86,43527,42976,18529
OOD_WS,WS,test_family,1000,5000,6000008,dataset/splits/test_family/WS_n1000_s6000008.txt,3,3354.0,0.6708,60.00078211398795,1379814,104897,78,43238,43195,18463
OOD_WS,WS,test_family,1000,5000,6000008,dataset/splits/test_family/WS_n1000_s6000008.txt,4,3354.0,0.6708,60.000905960041564,1386440,105590,87,43608,43168,18813
OOD_WS,WS,test_family,1000,5000,6000008,dataset/splits/test_family/WS_n1000_s6000008.txt,5,3355.0,0.671,60.000138144998346,1367793,104785,74,43126,43060,18598
OOD_WS,WS,test_family,1000,5000,6000009,dataset/splits/test_family/WS_n1000_s6000009.txt,1,3340.0,0.668,60.000071023998316,1366869,103927,89,42646,43002,18278
OOD_WS,WS,test_family,1000,5000,6000009,dataset/splits/test_family/WS_n1000_s6000009.txt,2,3342.0,0.6684,60.00108224397991,1358942,105201,92,43488,43269,18443
OOD_WS,WS,test_family,1000,5000,6000009,dataset/splits/test_family/WS_n1000_s6000009.txt,3,3344.0,0.6688,60.00017620896688,1366922,104032,83,42546,43007,18478
OOD_WS,WS,test_family,1000,5000,6000009,dataset/splits/test_family/WS_n1000_s6000009.txt,4,3344.0,0.6688,60.00014956301311,1389464,105244,79,43426,43180,18637
OOD_WS,WS,test_family,1000,5000,6000009,dataset/splits/test_family/WS_n1000_s6000009.txt,5,3346.0,0.6692,60.001226263004355,1363984,104890,80,43289,43235,18365
OOD_GEO,GEO,test_family,1000,4799,6000000,dataset/splits/test_family/GEO_n1000_s6000000.txt,1,3139.0,0.6540946030423005,60.00123628997244,1348837,105154,64,43399,43145,18609
OOD_GEO,GEO,test_family,1000,4799,6000000,dataset/splits/test_family/GEO_n1000_s6000000.txt,2,3142.0,0.6547197332777662,60.000483135983814,1345222,104913,67,43347,43096,18469
OOD_GEO,GEO,test_family,1000,4799,6000000,dataset/splits/test_family/GEO_n1000_s6000000.txt,3,3138.0,0.6538862262971452,60.000304117042106,1371622,104520,68,43212,42933,18374
OOD_GEO,GEO,test_family,1000,4799,6000000,dataset/splits/test_family/GEO_n1000_s6000000.txt,4,3133.0,0.652844342571369,60.00044817395974,1320247,106424,55,44117,43229,19077
OOD_GEO,GEO,test_family,1000,4799,6000000,dataset/splits/test_family/GEO_n1000_s6000000.txt,5,3144.0,0.6551364867680767,60.00060584401945,1381744,104378,74,42834,43009,18534
OOD_GEO,GEO,test_family,1000,4765,6000001,dataset/splits/test_family/GEO_n1000_s6000001.txt,1,3126.0,0.6560335781741867,60.0000200420036,1339842,104223,75,42622,43117,18483
OOD_GEO,GEO,test_family,1000,4765,6000001,dataset/splits/test_family/GEO_n1000_s6000001.txt,2,3119.0,0.6545645330535153,60.00004734500544,1339118,105177,66,43442,43084,18650
OOD_GEO,GEO,test_family,1000,4765,6000001,dataset/splits/test_family/GEO_n1000_s6000001.txt,3,3120.0,0.6547743966421826,60.00075873796595,1336321,104949,72,43264,43176,18508
OOD_GEO,GEO,test_family,1000,4765,6000001,dataset/splits/test_family/GEO_n1000_s6000001.txt,4,3127.0,0.6562434417628541,60.000524754985236,1362091,105477,73,43340,43149,18987
OOD_GEO,GEO,test_family,1000,4765,6000001,dataset/splits/test_family/GEO_n1000_s6000001.txt,5,3125.0,0.6558237145855194,60.00025060097687,1349568,104777,84,43255,43066,18455
OOD_GEO,GEO,test_family,1000,4733,6000002,dataset/splits/test_family/GEO_n1000_s6000002.txt,1,3093.0,0.6534967251214874,60.00105604704004,1365361,104511,68,42943,42961,18606
OOD_GEO,GEO,test_family,1000,4733,6000002,dataset/splits/test_family/GEO_n1000_s6000002.txt,2,3086.0,0.6520177477287132,60.00063138897531,1389947,104430,64,43082,42985,18362
OOD_GEO,GEO,test_family,1000,4733,6000002,dataset/splits/test_family/GEO_n1000_s6000002.txt,3,3087.0,0.6522290302133953,60.00056046602549,1390983,104338,50,43039,42847,18451
OOD_GEO,GEO,test_family,1000,4733,6000002,dataset/splits/test_family/GEO_n1000_s6000002.txt,4,3092.0,0.6532854426368054,60.000050087983254,1386323,104225,70,42952,42780,18492
OOD_GEO,GEO,test_family,1000,4733,6000002,dataset/splits/test_family/GEO_n1000_s6000002.txt,5,3097.0,0.6543418550602155,60.00130680698203,1397980,103467,77,42568,42803,18095
OOD_GEO,GEO,test_family,1000,4609,6000003,dataset/splits/test_family/GEO_n1000_s6000003.txt,1,3020.0,0.6552397483185073,60.00020992499776,1323510,103416,62,42206,42836,18373
OOD_GEO,GEO,test_family,1000,4609,6000003,dataset/splits/test_family/GEO_n1000_s6000003.txt,2,3023.0,0.6558906487307442,60.00066024198895,1328175,104566,56,42879,43148,18538
OOD_GEO,GEO,test_family,1000,4609,6000003,dataset/splits/test_family/GEO_n1000_s6000003.txt,3,3026.0,0.6565415491429811,60.00003910303349,1352878,104507,78,43046,42909,18551
OOD_GEO,GEO,test_family,1000,4609,6000003,dataset/splits/test_family/GEO_n1000_s6000003.txt,4,3025.0,0.6563245823389021,60.000688194006216,1333841,104075,52,42850,42756,18468
OOD_GEO,GEO,test_family,1000,4609,6000003,dataset/splits/test_family/GEO_n1000_s6000003.txt,5,3022.0,0.6556736819266652,60.00053028599359,1348322,104416,67,42903,42855,18657
OOD_GEO,GEO,test_family,1000,4819,6000004,dataset/splits/test_family/GEO_n1000_s6000004.txt,1,3156.0,0.6549076571902884,60.00041010900168,1361639,103976,87,42598,43056,18321
OOD_GEO,GEO,test_family,1000,4819,6000004,dataset/splits/test_family/GEO_n1000_s6000004.txt,2,3160.0,0.6557377049180327,60.00009594502626,1377322,103508,63,42097,43051,18359
OOD_GEO,GEO,test_family,1000,4819,6000004,dataset/splits/test_family/GEO_n1000_s6000004.txt,3,3157.0,0.6551151691222246,60.00038302800385,1363567,104826,74,43306,42963,18556
OOD_GEO,GEO,test_family,1000,4819,6000004,dataset/splits/test_family/GEO_n1000_s6000004.txt,4,3156.0,0.6549076571902884,60.00019357301062,1407543,104600,61,43048,42922,18629
OOD_GEO,GEO,test_family,1000,4819,6000004,dataset/splits/test_family/GEO_n1000_s6000004.txt,5,3156.0,0.6549076571902884,60.000550013035536,1354253,104785,80,43013,43191,18580
OOD_GEO,GEO,test_family,1000,4795,6000005,dataset/splits/test_family/GEO_n1000_s6000005.txt,1,3138.0,0.6544316996871742,60.000019524013624,1419949,104082,69,42765,42680,18636
OOD_GEO,GEO,test_family,1000,4795,6000005,dataset/splits/test_family/GEO_n1000_s6000005.txt,2,3137.0,0.6542231491136601,60.000514869985636,1434297,104114,73,43036,42758,18319
OOD_GEO,GEO,test_family,1000,4795,6000005,dataset/splits/test_family/GEO_n1000_s6000005.txt,3,3138.0,0.6544316996871742,60.00121334800497,1401560,103367,86,42461,42845,18060
OOD_GEO,GEO,test_family,1000,4795,6000005,dataset/splits/test_family/GEO_n1000_s6000005.txt,4,3140.0,0.6548488008342023,60.000619511993136,1428176,104219,63,43027,42756,18435
OOD_GEO,GEO,test_family,1000,4795,6000005,dataset/splits/test_family/GEO_n1000_s6000005.txt,5,3140.0,0.6548488008342023,60.00093792198459,1432063,104110,78,43094,42694,18321
OOD_GEO,GEO,test_family,1000,4779,6000006,dataset/splits/test_family/GEO_n1000_s6000006.txt,1,3135.0,0.6559949780288763,60.00112316996092,1351011,104350,57,42657,43138,18554
OOD_GEO,GEO,test_family,1000,4779,6000006,dataset/splits/test_family/GEO_n1000_s6000006.txt,2,3136.0,0.6562042268256958,60.00051386101404,1375695,103904,66,42627,43002,18274
OOD_GEO,GEO,test_family,1000,4779,6000006,dataset/splits/test_family/GEO_n1000_s6000006.txt,3,3136.0,0.6562042268256958,60.000546358001884,1414504,104641,74,43177,42983,18480
OOD_GEO,GEO,test_family,1000,4779,6000006,dataset/splits/test_family/GEO_n1000_s6000006.txt,4,3142.0,0.6574597196066123,60.000155094021466,1408372,104487,77,43174,42873,18439
OOD_GEO,GEO,test_family,1000,4779,6000006,dataset/splits/test_family/GEO_n1000_s6000006.txt,5,3143.0,0.6576689684034317,60.00118804402882,1385583,104263,80,42917,42860,18485
OOD_GEO,GEO,test_family,1000,4724,6000007,dataset/splits/test_family/GEO_n1000_s6000007.txt,1,3092.0,0.6545300592718035,60.00003568304237,1358096,104652,68,42927,43229,18495
OOD_GEO,GEO,test_family,1000,4724,6000007,dataset/splits/test_family/GEO_n1000_s6000007.txt,2,3092.0,0.6545300592718035,60.0001315039699,1325993,105552,82,43420,43327,18804
OOD_GEO,GEO,test_family,1000,4724,6000007,dataset/splits/test_family/GEO_n1000_s6000007.txt,3,3091.0,0.6543183742591024,60.00019117194461,1356812,104994,77,43155,43284,18554
OOD_GEO,GEO,test_family,1000,4724,6000007,dataset/splits/test_family/GEO_n1000_s6000007.txt,4,3090.0,0.6541066892464014,60.00038742896868,1354151,105619,64,43594,43220,18804
OOD_GEO,GEO,test_family,1000,4724,6000007,dataset/splits/test_family/GEO_n1000_s6000007.txt,5,3091.0,0.6543183742591024,60.00008470803732,1344903,105044,79,43295,43172,18576
OOD_GEO,GEO,test_family,1000,4727,6000008,dataset/splits/test_family/GEO_n1000_s6000008.txt,1,3090.0,0.6536915591284113,60.00020000297809,1297636,103190,83,42199,42572,18418
OOD_GEO,GEO,test_family,1000,4727,6000008,dataset/splits/test_family/GEO_n1000_s6000008.txt,2,3090.0,0.6536915591284113,60.000783394032624,1302647,103466,71,42373,42723,18369
OOD_GEO,GEO,test_family,1000,4727,6000008,dataset/splits/test_family/GEO_n1000_s6000008.txt,3,3093.0,0.6543262111275651,60.000347377033904,1310406,104455,78,42988,42806,18660
OOD_GEO,GEO,test_family,1000,4727,6000008,dataset/splits/test_family/GEO_n1000_s6000008.txt,4,3101.0,0.6560186164586418,60.000014826015104,1299274,104215,75,42851,42670,18693
OOD_GEO,GEO,test_family,1000,4727,6000008,dataset/splits/test_family/GEO_n1000_s6000008.txt,5,3100.0,0.6558070657922572,60.000565634982195,1295107,103686,71,42672,42738,18275
OOD_GEO,GEO,test_family,1000,4735,6000009,dataset/splits/test_family/GEO_n1000_s6000009.txt,1,3088.0,0.6521647307286167,60.00087908201385,1328389,105588,75,43328,43694,18565
OOD_GEO,GEO,test_family,1000,4735,6000009,dataset/splits/test_family/GEO_n1000_s6000009.txt,2,3087.0,0.6519535374868004,60.00011036999058,1364424,106065,74,43800,43598,18666
OOD_GEO,GEO,test_family,1000,4735,6000009,dataset/splits/test_family/GEO_n1000_s6000009.txt,3,3084.0,0.6513199577613517,60.00049195199972,1336042,106362,81,43718,43655,18988
OOD_GEO,GEO,test_family,1000,4735,6000009,dataset/splits/test_family/GEO_n1000_s6000009.txt,4,3087.0,0.6519535374868004,60.000888360023964,1328855,106541,75,44017,43597,18926
OOD_GEO,GEO,test_family,1000,4735,6000009,dataset/splits/test_family/GEO_n1000_s6000009.txt,5,3086.0,0.6517423442449841,60.00116750301095,1344573,105716,73,43341,43725,18649
