ntrain,seed,train_cut05,train_median,unseen_cut05,unseen_median,gap
1,1,70.3,70.2,62.9,63.1,-7.4
1,2,65.0,60.5,46.9,47.6,-18.1
1,3,68.2,68.1,57.4,53.8,-10.8
1,4,69.1,59.4,55.7,52.4,-13.4
1,5,65.9,65.9,47.1,51.5,-18.8
5,1,69.4,69.3,63.7,63.3,-5.7
5,2,66.0,58.6,62.6,56.5,-3.4
5,3,61.6,55.5,59.0,54.1,-2.6
5,4,52.6,57.2,45.5,54.2,-7.1
5,5,68.7,68.9,65.2,65.5,-3.5
10,1,67.9,66.3,63.6,64.1,-4.3
10,2,56.6,55.9,54.9,52.6,-1.7
10,3,67.9,61.5,65.6,62.9,-2.3
10,4,58.0,56.6,56.1,55.4,-1.9
10,5,68.2,68.0,65.9,66.1,-2.3
20,1,67.7,66.3,65.8,65.0,-1.9
20,2,64.3,58.5,64.7,60.2,0.4
20,3,67.2,65.8,65.7,65.7,-1.5
20,4,63.0,56.9,61.8,57.1,-1.2
20,5,67.5,67.4,64.9,64.7,-2.6
50,1,67.0,65.6,66.3,66.3,-0.7
50,2,66.9,66.9,65.5,65.6,-1.4
50,3,64.8,53.4,65.9,55.3,1.1
50,4,56.9,56.7,57.1,56.4,0.2
50,5,66.0,65.7,66.2,66.2,0.2
