seed,mode,graph_size,loss_mean,loss_std,grad_norm_mean,grad_norm_std
1,RAW,500,-11.958548,3.247774,57.994201,14.485054
1,RAW,1000,-18.16641,3.822251,89.199245,15.282746
1,RAW,2000,-51.322289,17.346978,223.898749,77.085922
1,NODE,500,-0.023917,0.006496,0.115988,0.02897
1,NODE,1000,-0.018166,0.003822,0.089199,0.015283
1,NODE,2000,-0.025661,0.008673,0.111949,0.038543
1,EDGE,500,-0.007246,0.002138,0.035138,0.009662
1,EDGE,1000,-0.005394,0.001187,0.026458,0.004694
1,EDGE,2000,-0.007541,0.002557,0.032906,0.011365
