mode,seed,split,graph_size,final_loss,cut05_mean,cut05_graph_std,median_mean,median_graph_std,n_graphs
RAW,1,TRAIN,500,-2218.763101,60.07,1.23,59.84,1.06,10
RAW,1,TRAIN,1000,-2218.763101,60.5,0.67,59.16,1.74,10
RAW,1,TRAIN,2000,-2218.763101,61.06,0.93,59.67,2.02,10
RAW,1,IID,1000,-2218.763101,58.88,1.56,57.66,1.66,10
RAW,1,OOD,5000,-2218.763101,33.42,13.6,54.92,1.35,5
RAW,2,TRAIN,500,-2372.420001,58.27,2.05,57.55,2.42,10
RAW,2,TRAIN,1000,-2372.420001,60.24,1.14,59.22,1.69,10
RAW,2,TRAIN,2000,-2372.420001,59.7,1.12,58.26,1.89,10
RAW,2,IID,1000,-2372.420001,58.91,1.19,57.98,2.18,10
RAW,2,OOD,5000,-2372.420001,31.82,20.41,50.5,5.36,5
RAW,3,TRAIN,500,-2381.181455,60.1,1.88,58.9,3.05,10
RAW,3,TRAIN,1000,-2381.181455,60.66,0.76,59.89,1.67,10
RAW,3,TRAIN,2000,-2381.181455,60.85,1.03,59.99,2.17,10
RAW,3,IID,1000,-2381.181455,60.33,1.11,58.91,1.87,10
RAW,3,OOD,5000,-2381.181455,44.17,15.6,49.01,9.2,5
RAW,4,TRAIN,500,-2164.516049,56.53,1.57,55.51,1.88,10
RAW,4,TRAIN,1000,-2164.516049,56.26,1.77,54.71,2.29,10
RAW,4,TRAIN,2000,-2164.516049,57.15,0.97,55.35,1.16,10
RAW,4,IID,1000,-2164.516049,52.82,10.81,53.5,5.32,10
RAW,4,OOD,5000,-2164.516049,23.01,17.09,31.03,12.38,5
RAW,5,TRAIN,500,-2195.709167,56.66,2.2,58.1,1.84,10
RAW,5,TRAIN,1000,-2195.709167,58.09,1.25,58.59,1.17,10
RAW,5,TRAIN,2000,-2195.709167,58.17,0.88,58.98,0.76,10
RAW,5,IID,1000,-2195.709167,55.86,2.62,57.28,1.71,10
RAW,5,OOD,5000,-2195.709167,36.86,24.35,57.71,1.56,5
NODE,1,TRAIN,500,-1.902745,58.59,1.8,58.53,1.67,10
NODE,1,TRAIN,1000,-1.902745,58.92,1.71,59.0,1.57,10
NODE,1,TRAIN,2000,-1.902745,59.44,0.86,59.44,0.9,10
NODE,1,IID,1000,-1.902745,58.21,1.73,58.12,1.84,10
NODE,1,OOD,5000,-1.902745,20.86,21.9,45.22,15.64,5
NODE,2,TRAIN,500,-1.884191,54.55,2.07,53.69,2.22,10
NODE,2,TRAIN,1000,-1.884191,57.15,1.4,55.38,1.94,10
NODE,2,TRAIN,2000,-1.884191,57.05,1.05,56.19,1.59,10
NODE,2,IID,1000,-1.884191,54.38,5.54,53.77,5.11,10
NODE,2,OOD,5000,-1.884191,28.63,17.65,40.3,11.66,5
NODE,3,TRAIN,500,-1.986358,60.32,1.52,60.35,1.61,10
NODE,3,TRAIN,1000,-1.986358,61.05,1.06,61.07,1.05,10
NODE,3,TRAIN,2000,-1.986358,61.13,0.89,61.29,0.76,10
NODE,3,IID,1000,-1.986358,60.95,1.5,60.93,1.52,10
NODE,3,OOD,5000,-1.986358,36.77,17.29,43.95,10.89,5
NODE,4,TRAIN,500,-1.877553,56.47,1.29,54.76,2.17,10
NODE,4,TRAIN,1000,-1.877553,56.47,1.37,55.05,1.24,10
NODE,4,TRAIN,2000,-1.877553,57.0,0.88,55.86,1.37,10
NODE,4,IID,1000,-1.877553,55.53,1.04,54.82,1.11,10
NODE,4,OOD,5000,-1.877553,14.46,0.19,15.33,1.75,5
NODE,5,TRAIN,500,-2.036256,63.26,1.02,63.16,1.13,10
NODE,5,TRAIN,1000,-2.036256,63.75,1.14,63.67,1.03,10
NODE,5,TRAIN,2000,-2.036256,63.63,0.65,63.76,0.71,10
NODE,5,IID,1000,-2.036256,63.67,1.29,64.09,1.07,10
NODE,5,OOD,5000,-2.036256,42.37,19.21,52.85,10.63,5
EDGE,1,TRAIN,500,-0.600384,62.63,1.59,62.51,1.32,10
EDGE,1,TRAIN,1000,-0.600384,63.17,1.15,62.44,1.71,10
EDGE,1,TRAIN,2000,-0.600384,62.7,0.69,62.85,0.67,10
EDGE,1,IID,1000,-0.600384,62.01,1.06,60.9,1.82,10
EDGE,1,OOD,5000,-0.600384,19.21,24.54,40.47,22.09,5
EDGE,2,TRAIN,500,-0.555315,55.41,2.01,54.56,1.47,10
EDGE,2,TRAIN,1000,-0.555315,56.78,1.35,55.38,1.37,10
EDGE,2,TRAIN,2000,-0.555315,56.54,0.58,54.33,0.88,10
EDGE,2,IID,1000,-0.555315,55.47,1.58,53.61,1.95,10
EDGE,2,OOD,5000,-0.555315,30.44,17.09,42.1,6.95,5
EDGE,3,TRAIN,500,-0.588204,60.36,2.19,60.32,2.55,10
EDGE,3,TRAIN,1000,-0.588204,61.02,0.77,60.74,1.71,10
EDGE,3,TRAIN,2000,-0.588204,60.72,1.04,61.01,0.68,10
EDGE,3,IID,1000,-0.588204,61.15,0.99,61.32,0.92,10
EDGE,3,OOD,5000,-0.588204,53.75,15.92,56.5,10.66,5
EDGE,4,TRAIN,500,-0.5624,56.89,1.46,54.8,1.69,10
EDGE,4,TRAIN,1000,-0.5624,57.08,1.65,56.21,1.59,10
EDGE,4,TRAIN,2000,-0.5624,57.42,0.78,56.01,1.16,10
EDGE,4,IID,1000,-0.5624,56.45,1.39,54.86,1.23,10
EDGE,4,OOD,5000,-0.5624,23.13,17.35,40.26,8.88,5
EDGE,5,TRAIN,500,-0.561775,61.51,1.43,61.38,1.53,10
EDGE,5,TRAIN,1000,-0.561775,61.05,1.38,60.98,1.33,10
EDGE,5,TRAIN,2000,-0.561775,60.33,0.87,60.79,0.7,10
EDGE,5,IID,1000,-0.561775,59.69,1.54,60.29,0.91,10
EDGE,5,OOD,5000,-0.561775,40.85,15.88,57.91,2.92,5
