seed,split,cut05_mean,cut05_graph_std,median_mean,median_graph_std,n_graphs
1,TRAIN,63.4,1.4,63.5,1.2,10
1,IID SBM,62.7,1.4,62.2,1.6,10
1,OOD SIZE,58.7,10.0,61.2,5.0,25
1,OOD RR,60.6,0.7,60.9,0.8,10
1,OOD WS,24.1,2.4,37.8,2.6,10
1,OOD GEO,48.1,1.5,50.3,1.4,10
2,TRAIN,62.7,1.0,60.4,2.0,10
2,IID SBM,62.0,0.9,59.5,2.3,10
2,OOD SIZE,57.0,14.0,55.8,10.1,25
2,OOD RR,59.0,0.8,59.4,0.9,10
2,OOD WS,45.7,1.6,45.8,1.8,10
2,OOD GEO,44.1,1.3,47.6,0.6,10
3,TRAIN,60.9,1.3,61.3,1.2,10
3,IID SBM,61.0,1.0,61.3,0.9,10
3,OOD SIZE,55.6,12.4,57.5,8.6,25
3,OOD RR,56.9,0.7,57.3,0.7,10
3,OOD WS,36.1,2.7,41.8,2.0,10
3,OOD GEO,46.9,2.7,47.8,2.4,10
4,TRAIN,51.8,12.3,53.4,9.0,10
4,IID SBM,55.7,0.9,55.5,1.9,10
4,OOD SIZE,47.3,16.3,48.1,14.7,25
4,OOD RR,54.0,1.5,54.2,1.6,10
4,OOD WS,14.0,3.2,17.6,3.4,10
4,OOD GEO,22.0,2.9,39.5,1.9,10
5,TRAIN,62.2,1.2,63.1,0.9,10
5,IID SBM,60.9,2.2,62.0,1.9,10
5,OOD SIZE,57.5,9.8,58.7,9.5,25
5,OOD RR,59.9,1.0,61.2,0.7,10
5,OOD WS,34.2,2.2,34.1,1.8,10
5,OOD GEO,51.0,2.0,51.9,1.6,10
