seed,split,graph_size,cut05_mean,cut05_graph_std,median_mean,median_graph_std,n_graphs
1,IID,1000,63.14,1.53,63.37,1.24,10
1,OOD,500,61.87,0.93,62.11,1.03,10
1,OOD,2000,63.71,0.91,63.92,0.76,10
1,OOD,5000,54.56,11.41,60.0,4.86,5
2,IID,1000,63.39,1.02,62.55,1.71,10
2,OOD,500,63.46,1.06,62.2,2.33,10
2,OOD,2000,60.65,9.59,61.15,6.51,10
2,OOD,5000,43.91,16.55,51.19,10.48,5
3,IID,1000,62.13,0.68,60.49,1.77,10
3,OOD,500,62.81,1.75,60.74,3.11,10
3,OOD,2000,60.41,8.93,59.22,4.74,10
3,OOD,5000,37.07,13.04,43.7,7.6,5
4,IID,1000,58.75,1.15,56.97,1.9,10
4,OOD,500,58.37,1.45,57.68,2.32,10
4,OOD,2000,59.98,0.85,57.95,1.35,10
4,OOD,5000,23.52,18.13,37.93,15.69,5
5,IID,1000,62.21,1.35,62.97,1.28,10
5,OOD,500,61.6,1.22,62.4,1.14,10
5,OOD,2000,61.7,1.05,62.65,0.76,10
5,OOD,5000,61.58,2.77,62.49,1.96,5
